[
    {
        "sensor": "CO2_sensor_4",
        "type": "CO2",
        "data": {
            "id": "5ef5c0ea74de2",
            "date": "2020-06-26 11:33:24",
            "CO2": 368.0,
            "label": null,
            "location": "Parking_Bloc_C: 2020-06-26 11:33:24"
        }
    },
    {
        "sensor": "CO2_sensor_4",
        "type": "CO2",
        "data": {
            "id": "5ef5c0ea74de2",
            "date": "2020-06-26 11:33:34",
            "CO2": 365.0,
            "label": null,
            "location": "Parking_Bloc_C: 2020-06-26 11:33:34"
        }
    },
    {
        "sensor": "CO2_sensor_4",
        "type": "CO2",
        "data": {
            "id": "5ef5c0ea74de2",
            "date": "2020-06-26 11:33:44",
            "CO2": 372.0,
            "label": null,
            "location": "Parking_Bloc_C: 2020-06-26 11:33:44"
        }
    },
    {
        "sensor": "CO2_sensor_4",
        "type": "CO2",
        "data": {
            "id": "5ef5c0ea74de2",
            "date": "2020-06-26 11:33:54",
            "CO2": 375.0,
            "label": null,
            "location": "Parking_Bloc_C: 2020-06-26 11:33:54"
        }
    },
    {
        "sensor": "CO2_sensor_4",
        "type": "CO2",
        "data": {
            "id": "5ef5c0ea74de2",
            "date": "2020-06-26 11:34:04",
            "CO2": 376.0,
            "label": null,
            "location": "Parking_Bloc_C: 2020-06-26 11:34:04"
        }
    },
    {
        "sensor": "CO2_sensor_4",
        "type": "CO2",
        "data": {
            "id": "5ef5c0ea74de2",
            "date": "2020-06-26 11:34:14",
            "CO2": 381.0,
            "label": null,
            "location": "Parking_Bloc_C: 2020-06-26 11:34:14"
        }
    },
    {
        "sensor": "CO2_sensor_4",
        "type": "CO2",
        "data": {
            "id": "5ef5c0ea74de2",
            "date": "2020-06-26 11:34:24",
            "CO2": 369.0,
            "label": null,
            "location": "Parking_Bloc_C: 2020-06-26 11:34:24"
        }
    },
    {
        "sensor": "CO2_sensor_4",
        "type": "CO2",
        "data": {
            "id": "5ef5c0ea74de2",
            "date": "2020-06-26 11:34:34",
            "CO2": 373.0,
            "label": null,
            "location": "Parking_Bloc_C: 2020-06-26 11:34:34"
        }
    },
    {
        "sensor": "CO2_sensor_4",
        "type": "CO2",
        "data": {
            "id": "5ef5c0ea74de2",
            "date": "2020-06-26 11:34:44",
            "CO2": 371.0,
            "label": null,
            "location": "Parking_Bloc_C: 2020-06-26 11:34:44"
        }
    },
    {
        "sensor": "CO2_sensor_4",
        "type": "CO2",
        "data": {
            "id": "5ef5c0ea74de2",
            "date": "2020-06-26 11:34:54",
            "CO2": 360.0,
            "label": null,
            "location": "Parking_Bloc_C: 2020-06-26 11:34:54"
        }
    },
    {
        "sensor": "CO2_sensor_4",
        "type": "CO2",
        "data": {
            "id": "5ef5c0ea74de2",
            "date": "2020-06-26 11:35:04",
            "CO2": 364.0,
            "label": null,
            "location": "Parking_Bloc_C: 2020-06-26 11:35:04"
        }
    },
    {
        "sensor": "CO2_sensor_4",
        "type": "CO2",
        "data": {
            "id": "5ef5c0ea74de2",
            "date": "2020-06-26 11:35:14",
            "CO2": 370.0,
            "label": null,
            "location": "Parking_Bloc_C: 2020-06-26 11:35:14"
        }
    },
    {
        "sensor": "CO2_sensor_4",
        "type": "CO2",
        "data": {
            "id": "5ef5c0ea74de2",
            "date": "2020-06-26 11:35:24",
            "CO2": 367.0,
            "label": null,
            "location": "Parking_Bloc_C: 2020-06-26 11:35:24"
        }
    },
    {
        "sensor": "CO2_sensor_4",
        "type": "CO2",
        "data": {
            "id": "5ef5c0ea74de2",
            "date": "2020-06-26 11:35:34",
            "CO2": 382.0,
            "label": null,
            "location": "Parking_Bloc_C: 2020-06-26 11:35:34"
        }
    },
    {
        "sensor": "CO2_sensor_4",
        "type": "CO2",
        "data": {
            "id": "5ef5c0ea74de2",
            "date": "2020-06-26 11:35:44",
            "CO2": 384.0,
            "label": null,
            "location": "Parking_Bloc_C: 2020-06-26 11:35:44"
        }
    },
    {
        "sensor": "CO2_sensor_4",
        "type": "CO2",
        "data": {
            "id": "5ef5c0ea74de2",
            "date": "2020-06-26 11:35:54",
            "CO2": 379.0,
            "label": null,
            "location": "Parking_Bloc_C: 2020-06-26 11:35:54"
        }
    },
    {
        "sensor": "CO2_sensor_4",
        "type": "CO2",
        "data": {
            "id": "5ef5c0ea74de2",
            "date": "2020-06-26 11:36:04",
            "CO2": 382.0,
            "label": null,
            "location": "Parking_Bloc_C: 2020-06-26 11:36:04"
        }
    },
    {
        "sensor": "CO2_sensor_4",
        "type": "CO2",
        "data": {
            "id": "5ef5c0ea74de2",
            "date": "2020-06-26 11:36:14",
            "CO2": 373.0,
            "label": null,
            "location": "Parking_Bloc_C: 2020-06-26 11:36:14"
        }
    },
    {
        "sensor": "CO2_sensor_4",
        "type": "CO2",
        "data": {
            "id": "5ef5c0ea74de2",
            "date": "2020-06-26 11:36:24",
            "CO2": 378.0,
            "label": null,
            "location": "Parking_Bloc_C: 2020-06-26 11:36:24"
        }
    },
    {
        "sensor": "CO2_sensor_4",
        "type": "CO2",
        "data": {
            "id": "5ef5c0ea74de2",
            "date": "2020-06-26 11:36:34",
            "CO2": 376.0,
            "label": null,
            "location": "Parking_Bloc_C: 2020-06-26 11:36:34"
        }
    },
    {
        "sensor": "CO2_sensor_4",
        "type": "CO2",
        "data": {
            "id": "5ef5c0ea74de2",
            "date": "2020-06-26 11:36:44",
            "CO2": 375.0,
            "label": null,
            "location": "Parking_Bloc_C: 2020-06-26 11:36:44"
        }
    },
    {
        "sensor": "CO2_sensor_4",
        "type": "CO2",
        "data": {
            "id": "5ef5c0ea74de2",
            "date": "2020-06-26 11:36:54",
            "CO2": 383.0,
            "label": null,
            "location": "Parking_Bloc_C: 2020-06-26 11:36:54"
        }
    },
    {
        "sensor": "CO2_sensor_4",
        "type": "CO2",
        "data": {
            "id": "5ef5c0ea74de2",
            "date": "2020-06-26 11:37:04",
            "CO2": 376.0,
            "label": null,
            "location": "Parking_Bloc_C: 2020-06-26 11:37:04"
        }
    },
    {
        "sensor": "CO2_sensor_4",
        "type": "CO2",
        "data": {
            "id": "5ef5c0ea74de2",
            "date": "2020-06-26 11:37:14",
            "CO2": 383.0,
            "label": null,
            "location": "Parking_Bloc_C: 2020-06-26 11:37:14"
        }
    },
    {
        "sensor": "CO2_sensor_4",
        "type": "CO2",
        "data": {
            "id": "5ef5c0ea74de2",
            "date": "2020-06-26 11:37:24",
            "CO2": 381.0,
            "label": null,
            "location": "Parking_Bloc_C: 2020-06-26 11:37:24"
        }
    },
    {
        "sensor": "CO2_sensor_4",
        "type": "CO2",
        "data": {
            "id": "5ef5c0ea74de2",
            "date": "2020-06-26 11:37:34",
            "CO2": 380.0,
            "label": null,
            "location": "Parking_Bloc_C: 2020-06-26 11:37:34"
        }
    },
    {
        "sensor": "CO2_sensor_4",
        "type": "CO2",
        "data": {
            "id": "5ef5c0ea74de2",
            "date": "2020-06-26 11:37:44",
            "CO2": 376.0,
            "label": null,
            "location": "Parking_Bloc_C: 2020-06-26 11:37:44"
        }
    },
    {
        "sensor": "CO2_sensor_4",
        "type": "CO2",
        "data": {
            "id": "5ef5c0ea74de2",
            "date": "2020-06-26 11:37:54",
            "CO2": 381.0,
            "label": null,
            "location": "Parking_Bloc_C: 2020-06-26 11:37:54"
        }
    },
    {
        "sensor": "CO2_sensor_4",
        "type": "CO2",
        "data": {
            "id": "5ef5c0ea74de2",
            "date": "2020-06-26 11:38:04",
            "CO2": 375.0,
            "label": null,
            "location": "Parking_Bloc_C: 2020-06-26 11:38:04"
        }
    },
    {
        "sensor": "CO2_sensor_4",
        "type": "CO2",
        "data": {
            "id": "5ef5c0ea74de2",
            "date": "2020-06-26 11:38:14",
            "CO2": 375.0,
            "label": null,
            "location": "Parking_Bloc_C: 2020-06-26 11:38:14"
        }
    },
    {
        "sensor": "CO2_sensor_4",
        "type": "CO2",
        "data": {
            "id": "5ef5c0ea74de2",
            "date": "2020-06-26 11:38:24",
            "CO2": 374.0,
            "label": null,
            "location": "Parking_Bloc_C: 2020-06-26 11:38:24"
        }
    },
    {
        "sensor": "CO2_sensor_4",
        "type": "CO2",
        "data": {
            "id": "5ef5c0ea74de2",
            "date": "2020-06-26 11:38:34",
            "CO2": 375.0,
            "label": null,
            "location": "Parking_Bloc_C: 2020-06-26 11:38:34"
        }
    },
    {
        "sensor": "CO2_sensor_4",
        "type": "CO2",
        "data": {
            "id": "5ef5c0ea74de2",
            "date": "2020-06-26 11:38:44",
            "CO2": 375.0,
            "label": null,
            "location": "Parking_Bloc_C: 2020-06-26 11:38:44"
        }
    },
    {
        "sensor": "CO2_sensor_4",
        "type": "CO2",
        "data": {
            "id": "5ef5c0ea74de2",
            "date": "2020-06-26 11:38:54",
            "CO2": 391.0,
            "label": null,
            "location": "Parking_Bloc_C: 2020-06-26 11:38:54"
        }
    },
    {
        "sensor": "CO2_sensor_4",
        "type": "CO2",
        "data": {
            "id": "5ef5c0ea74de2",
            "date": "2020-06-26 11:39:04",
            "CO2": 383.0,
            "label": null,
            "location": "Parking_Bloc_C: 2020-06-26 11:39:04"
        }
    },
    {
        "sensor": "CO2_sensor_4",
        "type": "CO2",
        "data": {
            "id": "5ef5c0ea74de2",
            "date": "2020-06-26 11:39:14",
            "CO2": 388.0,
            "label": null,
            "location": "Parking_Bloc_C: 2020-06-26 11:39:14"
        }
    },
    {
        "sensor": "CO2_sensor_4",
        "type": "CO2",
        "data": {
            "id": "5ef5c0ea74de2",
            "date": "2020-06-26 11:39:24",
            "CO2": 383.0,
            "label": null,
            "location": "Parking_Bloc_C: 2020-06-26 11:39:24"
        }
    },
    {
        "sensor": "CO2_sensor_4",
        "type": "CO2",
        "data": {
            "id": "5ef5c0ea74de2",
            "date": "2020-06-26 11:39:34",
            "CO2": 383.0,
            "label": null,
            "location": "Parking_Bloc_C: 2020-06-26 11:39:34"
        }
    },
    {
        "sensor": "CO2_sensor_4",
        "type": "CO2",
        "data": {
            "id": "5ef5c0ea74de2",
            "date": "2020-06-26 11:39:44",
            "CO2": 380.0,
            "label": null,
            "location": "Parking_Bloc_C: 2020-06-26 11:39:44"
        }
    },
    {
        "sensor": "CO2_sensor_4",
        "type": "CO2",
        "data": {
            "id": "5ef5c0ea74de2",
            "date": "2020-06-26 11:39:54",
            "CO2": 371.0,
            "label": null,
            "location": "Parking_Bloc_C: 2020-06-26 11:39:54"
        }
    },
    {
        "sensor": "CO2_sensor_4",
        "type": "CO2",
        "data": {
            "id": "5ef5c0ea74de2",
            "date": "2020-06-26 11:40:04",
            "CO2": 376.0,
            "label": null,
            "location": "Parking_Bloc_C: 2020-06-26 11:40:04"
        }
    },
    {
        "sensor": "CO2_sensor_4",
        "type": "CO2",
        "data": {
            "id": "5ef5c0ea74de2",
            "date": "2020-06-26 11:40:14",
            "CO2": 367.0,
            "label": null,
            "location": "Parking_Bloc_C: 2020-06-26 11:40:14"
        }
    },
    {
        "sensor": "CO2_sensor_4",
        "type": "CO2",
        "data": {
            "id": "5ef5c0ea74de2",
            "date": "2020-06-26 11:40:24",
            "CO2": 374.0,
            "label": null,
            "location": "Parking_Bloc_C: 2020-06-26 11:40:24"
        }
    },
    {
        "sensor": "CO2_sensor_4",
        "type": "CO2",
        "data": {
            "id": "5ef5c0ea74de2",
            "date": "2020-06-26 11:40:34",
            "CO2": 374.0,
            "label": null,
            "location": "Parking_Bloc_C: 2020-06-26 11:40:34"
        }
    },
    {
        "sensor": "CO2_sensor_4",
        "type": "CO2",
        "data": {
            "id": "5ef5c0ea74de2",
            "date": "2020-06-26 11:40:44",
            "CO2": 365.0,
            "label": null,
            "location": "Parking_Bloc_C: 2020-06-26 11:40:44"
        }
    },
    {
        "sensor": "CO2_sensor_4",
        "type": "CO2",
        "data": {
            "id": "5ef5c0ea74de2",
            "date": "2020-06-26 11:40:54",
            "CO2": 363.0,
            "label": null,
            "location": "Parking_Bloc_C: 2020-06-26 11:40:54"
        }
    },
    {
        "sensor": "CO2_sensor_4",
        "type": "CO2",
        "data": {
            "id": "5ef5c0ea74de2",
            "date": "2020-06-26 11:41:04",
            "CO2": 368.0,
            "label": null,
            "location": "Parking_Bloc_C: 2020-06-26 11:41:04"
        }
    },
    {
        "sensor": "CO2_sensor_4",
        "type": "CO2",
        "data": {
            "id": "5ef5c0ea74de2",
            "date": "2020-06-26 11:41:14",
            "CO2": 377.0,
            "label": null,
            "location": "Parking_Bloc_C: 2020-06-26 11:41:14"
        }
    },
    {
        "sensor": "CO2_sensor_4",
        "type": "CO2",
        "data": {
            "id": "5ef5c0ea74de2",
            "date": "2020-06-26 11:41:24",
            "CO2": 391.0,
            "label": null,
            "location": "Parking_Bloc_C: 2020-06-26 11:41:24"
        }
    },
    {
        "sensor": "CO2_sensor_4",
        "type": "CO2",
        "data": {
            "id": "5ef5c0ea74de2",
            "date": "2020-06-26 11:41:34",
            "CO2": 383.0,
            "label": null,
            "location": "Parking_Bloc_C: 2020-06-26 11:41:34"
        }
    }
]